conditional_routing_entropy,conditional_routing_entropy_norm,epoch,eval_acc,eval_loss,expert_usage_entropy,expert_usage_entropy_norm,pred_cov_top1_eig,pred_effective_rank,target_cov_top1_eig,target_effective_rank,train_loss,train_sigreg,variance_ratio
1.3815683126449585,0.9965908527374268,1,0.5974025974025974,0.09519017561302556,1.3845000267028809,0.9987056851387024,0.033296406269073486,21.65769386291504,0.03436446934938431,40.77585220336914,0.16290557382703363,0.0,0.5458008646965027
1.3809245824813843,0.9961265325546265,2,0.7448051948051948,0.06971827652547266,1.3847386837005615,0.9988778233528137,0.03147679567337036,31.79686737060547,0.03436446934938431,40.77585220336914,0.07834432135936345,0.0,0.683865487575531
1.3782237768173218,0.994178295135498,3,0.7954545454545454,0.05659689096274314,1.3836538791656494,0.9980952739715576,0.029467854648828506,37.40410232543945,0.03436446934938431,40.77585220336914,0.0594512918178414,0.0,0.7509584426879883
