epoch,eval_acc,eval_loss,logit_cov_top1_eig,logit_effective_rank,train_loss
1,0.6162337662337662,2.204265868818605,48.40270233154297,5.695592880249023,3.3535795961155195
2,0.75,1.150836997682398,152.87628173828125,6.743009090423584,1.512239585587302
3,0.8038961038961039,0.8286210419682714,217.67510986328125,7.363409996032715,0.9405318332304778
