epoch,eval_acc,eval_loss,pred_cov_top1_eig,pred_effective_rank,target_cov_top1_eig,target_effective_rank,train_loss,train_sigreg,variance_ratio
1,0.4636363636363636,0.11245315198774461,0.031168919056653976,20.81861686706543,0.03436446934938431,40.77585220336914,0.2673568774968472,0.40041061049161714,0.4633011817932129
2,0.6668831168831169,0.08547248097209187,0.03172001242637634,27.729000091552734,0.03436446934938431,40.77585220336914,0.1633970914206528,0.4002375624173405,0.6137493252754211
3,0.7353896103896104,0.07103693731032408,0.029523856937885284,32.85190963745117,0.03436446934938431,40.77585220336914,0.14352771435143363,0.400178358159899,0.6814861297607422
