conditional_routing_entropy,conditional_routing_entropy_norm,epoch,eval_acc,eval_loss,expert_usage_entropy,expert_usage_entropy_norm,pred_cov_top1_eig,pred_effective_rank,target_cov_top1_eig,target_effective_rank,train_loss,train_sigreg,variance_ratio
1.38157320022583,0.9965944290161133,1,0.5974025974025974,0.09518536350556782,1.3845045566558838,0.9987089037895203,0.033315062522888184,21.656145095825195,0.03436446934938431,40.77585220336914,0.18293206909218754,0.40060834779532495,0.5460995435714722
1.3809332847595215,0.9961327910423279,2,0.7454545454545455,0.06972970271652396,1.3847434520721436,0.9988812804222107,0.03147771209478378,31.794265747070312,0.03436446934938431,40.77585220336914,0.09836206806161267,0.4003881310672983,0.6841499209403992
1.3782066106796265,0.9941658973693848,3,0.7941558441558442,0.056625399496648215,1.3836439847946167,0.9980881810188293,0.029460132122039795,37.40776824951172,0.03436446934938431,40.77585220336914,0.07947960390927111,0.4003180180545284,0.750403106212616
