epoch,eval_acc,eval_loss,pred_cov_top1_eig,pred_effective_rank,target_cov_top1_eig,target_effective_rank,train_loss,train_sigreg,variance_ratio
1,0.48798701298701297,0.11344934837384657,0.03196558356285095,20.221757888793945,0.03436446934938431,40.77585220336914,0.24388538936632914,0.0,0.4584624171257019
2,0.6662337662337663,0.08621591428270588,0.03253571689128876,27.441802978515625,0.03436446934938431,40.77585220336914,0.14472201022564454,0.0,0.6090664863586426
3,0.7353896103896104,0.07143524099480023,0.03176126629114151,32.356101989746094,0.03436446934938431,40.77585220336914,0.1247595631879925,0.0,0.6889690160751343
